year,month,m1,m2,billion,consumerSentiment,imports,inflation,oilPrices,ppi,exports,cpi,unemploymentRate,fedFunds,capUtilization,sp_500Dividends,nasdaq,nyse,sp_500,gdp_us,trillion,housingIndex
1995,1,1150.62,3486.5,1000000000,97.6,60745,0.4,16.55,122.9,45619,150.3,0.073,0.0553,0.849,0.0283,755.3224948,2679.487427,464.5475003,10.09,1000000000000,182.95
1995,2,1147.5,3485.7,1000000000,95.1,60076,0.4,17.14,123.5,45914,150.9,0.072,0.0592,0.845,0.0273,775.7774965,2753.164978,479.0725098,10.09,1000000000000,182.95
1995,3,1147.48,3487.4,1000000000,90.3,62272,0.3,17.02,123.9,47483,151.4,0.054,0.0598,0.843,0.0267,807.9524995,2823.107422,493.987503,10.09,1000000000000,182.95
1995,4,1147.95,3490.3,1000000000,92.5,63448,0.3,18.74,124.6,47032,151.9,0.058,0.0605,0.84,0.0261,828.837494,2901.429932,507.725006,10.12,1000000000000,185.93
1995,5,1146.14,3516.1,1000000000,89.8,63474,0.2,18.32,124.9,47646,152.2,0.056,0.0601,0.84,0.0254,858.662491,2979.569946,523.650009,10.12,1000000000000,185.93
1995,6,1144.75,3543.1,1000000000,92.7,63617,0.2,17.35,125.3,47425,152.5,0.056,0.06,0.839,0.0248,901.0325013,3059.907532,538.8050078,10.12,1000000000000,185.93
1995,7,1144.94,3560.7,1000000000,94.4,62700,0,15.86,125.3,47377,152.5,0.057,0.0585,0.833,0.0241,972.5550078,3144.179993,553.680008,10.21,1000000000000,188.77
1995,8,1145.78,3583.3,1000000000,96.2,62289,0.3,16.07,125.1,48555,152.9,0.057,0.0574,0.84,0.0242,1006.919983,3177.540039,560.649994,10.21,1000000000000,188.77
1995,9,1143.35,3595.7,1000000000,88.9,63088,0.2,16.66,125.2,49976,153.2,0.056,0.058,0.84,0.0235,1035.407501,3262.127503,573.7274933,10.21,1000000000000,188.77
1995,10,1136.72,3606.8,1000000000,90.2,62462,0.3,16.12,125.3,49332,153.7,0.055,0.0576,0.836,0.0234,1021.865021,3290.122559,582.0299835,10.28,1000000000000,190.27
1995,11,1135.15,3614.5,1000000000,88.2,62459,-0.1,16.88,125.4,49455,153.6,0.056,0.058,0.835,0.023,1045.472519,3356.152466,594.1499938,10.28,1000000000000,190.27
1995,12,1126.55,3621.9,1000000000,91,62944,-0.1,17.96,125.7,50030,153.5,0.056,0.056,0.834,0.0224,1047.292511,3459.512451,612.3074953,10.28,1000000000000,190.27
1996,1,1124.7,3640.4,1000000000,89.3,64102,0.6,17.94,126.3,49579,154.4,0.056,0.0556,0.825,0.0226,1037.555008,3524.172425,621.354996,10.35,1000000000000,192.42
1996,2,1118.175,3653.6,1000000000,88.5,63911,0.3,17.97,126.2,50835,154.9,0.055,0.0522,0.834,0.0216,1084.505005,3636.88501,643.5975038,10.35,1000000000000,192.42
1996,3,1121.4,3679.6,1000000000,93.7,65025,0.5,19.99,126.4,50023,155.7,0.055,0.0531,0.83,0.0218,1094.512482,3654.785034,642.6324923,10.35,1000000000000,192.42
1996,4,1125.4,3691.4,1000000000,92.7,66076,0.4,21.01,127.4,50502,156.3,0.056,0.0522,0.833,0.0219,1144.899994,3683.57251,645.1224978,10.53,1000000000000,192.74
1996,5,1117.175,3702.5,1000000000,89.4,67718,0.2,19.15,128.1,50884,156.6,0.056,0.0524,0.835,0.0215,1212.482514,3746.880005,658.6149903,10.53,1000000000000,192.74
1996,6,1114.15,3713.5,1000000000,92.4,66969,0.1,18.27,128,51226,156.7,0.053,0.0527,0.838,0.0214,1207.357514,3795.465027,669.7050018,10.53,1000000000000,192.74
1996,7,1113.7,3729.6,1000000000,94.7,66687,0.2,19.61,128,49883,157,0.055,0.054,0.833,0.0224,1118.177506,3706.542542,648.0850068,10.63,1000000000000,193.62
1996,8,1102.85,3738.7,1000000000,95.3,68111,0.2,19.96,128.3,51159,157.3,0.051,0.0522,0.834,0.0219,1114.287506,3714.735047,650.5274963,10.63,1000000000000,193.62
1996,9,1096.38,3745.4,1000000000,94.7,68399,0.3,22.06,128.2,50949,157.8,0.052,0.053,0.836,0.0217,1180.15503,3796.130005,668.5424958,10.63,1000000000000,193.62
1996,10,1086.15,3760.4,1000000000,96.5,67747,0.3,23.68,128,52407,158.3,0.052,0.0524,0.831,0.021,1229.304993,3936.547546,697.779999,10.74,1000000000000,195.11
1996,11,1083.775,3778.4,1000000000,99.2,68660,0.2,22.28,128.2,52841,158.6,0.054,0.0531,0.834,0.0201,1257.077484,4083.17749,731.4275058,10.74,1000000000000,195.11
1996,12,1081.38,3800.5,1000000000,96.9,69923,0,23.52,129.1,51768,158.6,0.054,0.0529,0.836,0.02,1291.44751,4148.684998,744.050003,10.74,1000000000000,195.11
1997,1,1081.75,3816.5,1000000000,97.4,70103,0.3,23.47,129.7,52346,159.1,0.053,0.0525,0.833,0.0195,1336.342499,4239.647461,762.7799835,10.82,1000000000000,196.74
1997,2,1079.3,3827.4,1000000000,99.7,70565,0.3,20.83,128.5,54392,159.6,0.052,0.0519,0.839,0.0188,1343.589997,4398.1427,792.0224915,10.82,1000000000000,196.74
1997,3,1072.62,3842.7,1000000000,100,71485,0.3,19.21,127.3,55932,160,0.052,0.0539,0.84,0.019,1270.162476,4340.88501,779.7425078,10.82,1000000000000,196.74
1997,4,1064,3859.9,1000000000,101.4,72288,0.1,17.47,127,56667,160.2,0.051,0.0551,0.836,0.0198,1233.402527,4290.687378,774.0325013,10.98,1000000000000,198.39
1997,5,1063.5,3868.9,1000000000,103.2,73039,-0.1,19.14,127.4,56499,160.1,0.049,0.055,0.837,0.0182,1334.862488,4533.434815,823.6750183,10.98,1000000000000,198.39
1997,6,1065.96,3886.8,1000000000,104.5,72557,0.1,17.55,127.2,57448,160.3,0.05,0.0556,0.836,0.0173,1422.969971,4789.900025,868.5825195,10.98,1000000000000,198.39
1997,7,1064.875,3904.3,1000000000,107.1,73565,0.1,18.43,126.9,58902,160.5,0.049,0.0552,0.838,0.0164,1516.160034,5078.084961,920.4299928,11.12,1000000000000,201.12
1997,8,1075.525,3934,1000000000,104.4,73875,0.2,18.69,127.2,57198,160.8,0.048,0.0554,0.842,0.0165,1591.345001,5095.375122,927.8174898,11.12,1000000000000,201.12
1997,9,1067.66,3954.7,1000000000,106,74674,0.2,18.45,127.5,57858,161.2,0.049,0.0554,0.844,0.0164,1644.579956,5171.477417,926.7024995,11.12,1000000000000,201.12
1997,10,1064.575,3972.5,1000000000,105.6,74899,0.2,20.05,127.8,57722,161.6,0.047,0.055,0.846,0.0162,1624.755005,5180.174927,925.0725098,11.21,1000000000000,203.73
1997,11,1071.325,3992.8,1000000000,107.2,73833,-0.1,19,127.9,56993,161.5,0.046,0.0552,0.848,0.0164,1593.252533,5211.555054,933.794998,11.21,1000000000000,203.73
1997,12,1071.5,4012.9,1000000000,102.1,75483,-0.1,17.1,126.8,57746,161.3,0.047,0.055,0.845,0.0161,1579.565003,5354.407593,959.25,11.21,1000000000000,203.73
1998,1,1075.025,4036.5,1000000000,106.6,75099,0.2,15.09,125.4,57495,161.6,0.046,0.0556,0.844,0.0161,1572.152496,5348.669922,964.0475158,11.32,1000000000000,206.77
1998,2,1076.625,4063.8,1000000000,110.4,74397,0.2,14.06,125,56566,161.9,0.046,0.0551,0.839,0.0152,1708.59253,5630.405029,1015.390015,11.32,1000000000000,206.77
1998,3,1077.2,4094.1,1000000000,106.5,76876,0.2,13.08,124.7,56937,162.2,0.047,0.0549,0.835,0.0145,1790.92749,5901.9375,1073.757477,11.32,1000000000000,206.77
1998,4,1076.3,4120.7,1000000000,108.7,76671,0.2,13.39,124.9,55222,162.5,0.043,0.0545,0.832,0.0142,1856.782501,6086.369995,1105.794983,11.43,1000000000000,208.63
1998,5,1079.35,4140.7,1000000000,106.5,76774,0.2,14.39,125.1,55043,162.8,0.044,0.0549,0.832,0.0143,1820.882538,6063.637451,1101.869995,11.43,1000000000000,208.63
1998,6,1076.22,4164.1,1000000000,105.6,75276,0.1,12.06,124.8,55246,163,0.045,0.0556,0.822,0.0144,1819.692505,6024.199952,1111.119995,11.43,1000000000000,208.63
1998,7,1074.65,4183.8,1000000000,105.2,74958,0.1,12.04,124.9,54608,163.2,0.045,0.0554,0.814,0.0138,1919.132508,6124.542359,1139.847504,11.58,1000000000000,211.54
1998,8,1076.3,4207.4,1000000000,104.4,76397,0.1,11.88,124.2,53980,163.4,0.045,0.0555,0.826,0.015,1685.502503,5506.215088,1039.255035,11.58,1000000000000,211.54
1998,9,1079.5,4246.7,1000000000,100.9,76655,0.1,13.36,123.8,55493,163.6,0.046,0.0551,0.82,0.0158,1612.012482,5322.974976,995.095001,11.58,1000000000000,211.54
1998,10,1085.3,4281.9,1000000000,97.4,78464,0.2,12.56,124,56994,164,0.045,0.0507,0.823,0.0157,1640.047516,5429.927612,1035.695023,11.77,1000000000000,214.05
1998,11,1094.14,4323,1000000000,102.7,78425,0,10.92,123.6,56969,164,0.044,0.0483,0.818,0.0141,1882.422516,5966.172607,1138.485016,11.77,1000000000000,214.05
1998,12,1093.85,4352.4,1000000000,100.5,77119,-0.1,9.8,122.8,55863,163.9,0.044,0.0468,0.818,0.0136,2061.494965,6134.667603,1193.670014,11.77,1000000000000,214.05
1999,1,1099.75,4377.3,1000000000,103.9,77971,0.2,10.95,122.9,55174,164.3,0.043,0.0463,0.818,0.013,2353.197449,6309.052613,1248.674988,11.86,1000000000000,216.31
1999,2,1097.325,4401.9,1000000000,108.1,80056,0.1,10.2,122.3,54393,164.5,0.044,0.0476,0.818,0.0131,2392.014954,6240.534912,1253.424988,11.86,1000000000000,216.31
1999,3,1096.48,4409.8,1000000000,105.7,79798,0.3,12.12,122.6,54668,165,0.042,0.0481,0.816,0.0128,2376.012451,6315.637573,1266.137482,11.86,1000000000000,216.31
1999,4,1100.075,4438.1,1000000000,104.6,81080,0.7,15.16,123.6,55497,166.2,0.043,0.0474,0.815,0.0123,2510.890076,6575.669922,1318.917542,11.96,1000000000000,219.21
1999,5,1104.1,4460.8,1000000000,106.8,83426,0,15.22,124.7,55312,166.2,0.042,0.0474,0.818,0.0123,2497.177551,6692.670044,1322.577515,11.96,1000000000000,219.21
1999,6,1100.1,4484.2,1000000000,107.3,86148,0,15.6,125.2,55275,166.2,0.043,0.0476,0.813,0.0124,2553.772583,6706.494995,1331.237488,11.96,1000000000000,219.21
1999,7,1098.175,4508.8,1000000000,106,87382,0.3,18.71,125.7,56312,166.7,0.043,0.0499,0.815,0.012,2706.362488,6784.609985,1362.56247,12.11,1000000000000,222.31
1999,8,1099.34,4527.7,1000000000,104.5,88428,0.2,20.17,126.9,57814,167.1,0.042,0.0507,0.816,0.0125,2659.945008,6558.354981,1324.924988,12.11,1000000000000,222.31
1999,9,1095.8,4543.3,1000000000,107.2,89482,0.5,22.11,128,58877,167.9,0.042,0.0522,0.81,0.0126,2770.179993,6402.947632,1305.192505,12.11,1000000000000,222.31
1999,10,1103.125,4563.7,1000000000,103.2,90456,0.2,22.12,127.7,59224,168.2,0.041,0.052,0.817,0.0128,2826.527466,6396.022461,1313.127503,12.32,1000000000000,224.61
1999,11,1109.48,4586.1,1000000000,107.2,91913,0.1,24.55,128.3,59787,168.3,0.041,0.0542,0.818,0.012,3186.017456,6662.137573,1380.890045,12.32,1000000000000,224.61
1999,12,1119.825,4611.7,1000000000,105.4,93847,0,25.48,127.8,61631,168.3,0.04,0.053,0.822,0.0117,3705.647583,6779.90503,1429.660004,12.32,1000000000000,224.61
2000,1,1124.72,4645.2,1000000000,112,94622,0.3,25.22,128.3,61412,168.8,0.04,0.0545,0.819,0.0117,4035.195007,6668.929932,1422.962494,12.36,1000000000000,228.9
2000,2,1108.35,4655.2,1000000000,111.3,96840,0.6,27.63,129.8,61315,169.8,0.041,0.0573,0.819,0.0121,4317.015015,6406.440064,1382.625,12.36,1000000000000,228.9
2000,3,1105.775,4682,1000000000,107.1,99896,0.8,27.47,130.8,62442,171.2,0.04,0.0585,0.819,0.0116,4698.464966,6577.152466,1441.122498,12.36,1000000000000,228.9
2000,4,1117.875,4739,1000000000,109.2,99523,0.1,22.54,130.7,63128,171.3,0.038,0.0602,0.822,0.0115,4038.857483,6810.829956,1454.399994,12.59,1000000000000,232.63
2000,5,1105.04,4730,1000000000,110.7,99936,0.1,27.4,131.6,62847,171.5,0.04,0.0627,0.821,0.0118,3589.03241,6823.650024,1428.907502,12.59,1000000000000,232.63
2000,6,1102.175,4746.6,1000000000,106.4,103446,0.5,29.68,133.8,65200,172.4,0.04,0.0653,0.819,0.0114,3742.910034,6857.167359,1446.182496,12.59,1000000000000,232.63
2000,7,1104.38,4763.6,1000000000,108.3,103567,0.2,28.51,133.7,64987,172.8,0.04,0.0654,0.816,0.0113,3905.607544,6856.482544,1454.159973,12.61,1000000000000,236.85
2000,8,1100.55,4790.9,1000000000,107.3,104029,0,29.89,132.9,66987,172.8,0.041,0.065,0.81,0.0111,3924.292481,6993.755005,1474.787506,12.61,1000000000000,236.85
2000,9,1100.3,4825.2,1000000000,106.8,107027,0.5,32.62,134.7,66847,173.7,0.039,0.0652,0.811,0.0111,3949.875,7063.359864,1475.929993,12.61,1000000000000,236.85
2000,10,1098.76,4844,1000000000,105.8,106665,0.2,30.93,135.4,66008,174,0.039,0.0651,0.806,0.0117,3456.174988,6937.374878,1406.632507,12.68,1000000000000,240.5
2000,11,1093.075,4852.9,1000000000,107.6,104645,0.1,32.52,135,65796,174.1,0.039,0.0651,0.804,0.0118,2979.372498,6836.257568,1369.42749,12.68,1000000000000,240.5
2000,12,1088.55,4890.2,1000000000,98.4,104220,-0.1,25.28,136.2,65026,174,0.039,0.064,0.799,0.0122,2607.880005,6802.159912,1319.587494,12.68,1000000000000,240.5
2001,1,1094.62,4945,1000000000,94.7,106052,0.6,25.64,140,65024,175.1,0.042,0.0598,0.791,0.0121,2597.73999,6895.157471,1336.070007,12.64,1000000000000,246.44
2001,2,1100.15,4983.3,1000000000,90.6,100910,0.4,27.41,137.4,65369,175.8,0.042,0.0549,0.784,0.0123,2461.94751,6828.194947,1299.442474,12.64,1000000000000,246.44
2001,3,1107.75,5037.5,1000000000,91.5,102434,0.2,24.4,135.9,63583,176.2,0.043,0.0531,0.78,0.0135,2001.137512,6414.052491,1187.219971,12.64,1000000000000,246.44
2001,4,1115.32,5102.9,1000000000,88.4,98756,0.4,25.55,136.4,62113,176.9,0.044,0.048,0.775,0.0133,1943.475006,6433.690064,1192.769989,12.71,1000000000000,250.57
2001,5,1118.35,5101.1,1000000000,92,95906,0.5,28.45,136.8,62722,177.7,0.043,0.0421,0.768,0.0124,2151.797485,6816.59253,1263.30249,12.71,1000000000000,250.57
2001,6,1126.55,5141.6,1000000000,92.6,95552,0.2,27.72,135.5,60196,178,0.045,0.0397,0.761,0.0127,2132.485046,6694.757446,1242.462494,12.71,1000000000000,250.57
2001,7,1137.7,5171.4,1000000000,92.4,93891,-0.3,24.54,133.4,58265,177.5,0.046,0.0377,0.755,0.013,2074.902527,6528.219971,1210.242523,12.67,1000000000000,254.45
2001,8,1147.925,5205.4,1000000000,91.5,92810,0,25.67,133.4,58881,177.5,0.049,0.0365,0.751,0.0133,1934.315003,6369.324951,1173.987488,12.67,1000000000000,254.45
2001,9,1208.25,5308,1000000000,81.8,91180,0.5,25.54,133.3,55501,178.3,0.05,0.0307,0.747,0.0151,1631.085022,5887.320068,1068.66748,12.67,1000000000000,254.45
2001,10,1166.6,5303.4,1000000000,82.7,91532,-0.3,20.48,130.3,56047,177.7,0.053,0.0249,0.742,0.0146,1608.232483,5807.672607,1059.522491,12.71,1000000000000,257.6
2001,11,1169.775,5343.8,1000000000,83.9,90183,-0.2,18.94,129.8,55827,177.4,0.055,0.0209,0.737,0.0139,1821.294983,6025.492432,1104.230011,12.71,1000000000000,257.6
2001,12,1182.3,5396.9,1000000000,88.8,86694,-0.4,18.6,128.1,55185,176.7,0.057,0.0182,0.736,0.0137,1957.549988,6155.867554,1143.919983,12.71,1000000000000,257.6
2002,1,1190.35,5418.8,1000000000,93,89675,0.2,19.48,128.5,55208,177.1,0.057,0.0173,0.739,0.0138,1962.394989,6160.625,1134.227478,12.82,1000000000000,261.31
2002,2,1189.775,5447.9,1000000000,90.7,91761,0.4,20.29,128.4,54945,177.8,0.057,0.0174,0.738,0.0143,1824.755005,6056.234986,1110.372467,12.82,1000000000000,261.31
2002,3,1194.375,5461.6,1000000000,95.7,91719,0.6,23.69,129.8,55018,178.8,0.057,0.0173,0.743,0.0136,1819.787476,6310.459961,1133.697479,12.82,1000000000000,261.31
2002,4,1185.2,5462.6,1000000000,93,96286,0.6,25.65,130.8,57141,179.8,0.059,0.0175,0.746,0.0142,1757.289978,6183.967529,1108.902497,12.89,1000000000000,265.75
2002,5,1187.925,5487.5,1000000000,96.9,96694,0,25.43,130.8,57018,179.8,0.058,0.0175,0.748,0.0148,1654.777496,6085.867432,1074.902497,12.89,1000000000000,265.75
2002,6,1195.95,5504.9,1000000000,92.4,98143,0.1,24.13,130.9,57971,179.9,0.058,0.0175,0.755,0.0158,1518.434998,5750.630005,1020.154999,12.89,1000000000000,265.75
2002,7,1199.68,5548.2,1000000000,88.1,97480,0.1,25.77,131.2,58210,180.1,0.058,0.0173,0.753,0.0177,1359.390015,5219.797607,917.8950043,12.96,1000000000000,271.02
2002,8,1183.95,5594.6,1000000000,87.6,100015,0.3,26.63,131.5,58172,180.7,0.057,0.0174,0.753,0.0174,1317.440003,5138.330078,906.532501,12.96,1000000000000,271.02
2002,9,1197.42,5619,1000000000,86.1,99674,0.2,28.34,132.3,57860,181,0.057,0.0175,0.754,0.0182,1245.517517,4915.409912,863.892517,12.96,1000000000000,271.02
2002,10,1203.625,5661.5,1000000000,80.6,97180,0.2,27.55,133.2,57079,181.3,0.057,0.0175,0.752,0.0186,1241.519989,4854.954956,844.2775115,12.96,1000000000000,274.87
2002,11,1206.575,5710.6,1000000000,84.2,102404,0,24.5,133.1,57917,181.3,0.059,0.0134,0.756,0.0176,1402.722473,5128.050049,908.9850008,12.96,1000000000000,274.87
2002,12,1221.06,5735.2,1000000000,86.7,103688,-0.2,28.52,132.9,55883,180.9,0.06,0.0124,0.752,0.0179,1423.019958,5104.335083,909.9650115,12.96,1000000000000,274.87
2003,1,1223.6,5767,1000000000,82.4,102518,0.4,31.29,135.3,57320,181.7,0.058,0.0124,0.758,0.018,1359.70752,5009.965088,877.7275085,13.03,1000000000000,278.22
2003,2,1237.4,5801.3,1000000000,79.9,101935,0.8,32.65,137.6,57997,183.1,0.059,0.0126,0.76,0.0193,1319.029999,4772.369995,841.9450073,13.03,1000000000000,278.22
2003,3,1239.12,5823.1,1000000000,77.6,105589,0.6,30.34,141.2,58106,184.2,0.059,0.0125,0.759,0.0192,1341.082489,4709.005005,843.5325163,13.03,1000000000000,278.22
2003,4,1247.4,5857.8,1000000000,86,103436,-0.2,25.02,136.8,57394,183.8,0.06,0.0126,0.754,0.0182,1408.142517,4935.762451,884.2974855,13.15,1000000000000,281.6
2003,5,1267.975,5922.2,1000000000,92.1,102966,-0.2,25.81,136.7,57477,183.5,0.061,0.0126,0.754,0.0173,1527.537506,5268.202515,937.180008,13.15,1000000000000,281.6
2003,6,1280.96,5955.6,1000000000,89.7,103877,0.1,27.55,138,59567,183.7,0.063,0.0122,0.755,0.0164,1626.424988,5528.739868,979.2525178,13.15,1000000000000,281.6
2003,7,1286.25,6001.7,1000000000,90.9,105291,0.1,28.4,137.7,59666,183.9,0.062,0.0101,0.759,0.0164,1681.835022,5542.420044,985.5799868,13.37,1000000000000,285.91
2003,8,1298.425,6064.6,1000000000,89.3,102464,0.4,29.83,138,58174,184.6,0.061,0.0103,0.758,0.0166,1749.194977,5582.920044,992.5425113,13.37,1000000000000,285.91
2003,9,1295.96,6041.4,1000000000,87.7,106031,0.3,27.1,138.5,59956,185.2,0.061,0.0101,0.763,0.0163,1825.514984,5694.11499,1008.657501,13.37,1000000000000,285.91
2003,10,1294.5,6029.2,1000000000,89.6,107319,-0.1,29.59,139.3,61438,185,0.06,0.0101,0.764,0.0162,1873.059967,5807.63501,1024.109986,13.53,1000000000000,293.98
2003,11,1303.175,6030.5,1000000000,93.7,108010,-0.3,28.77,138.9,63570,184.5,0.058,0.01,0.77,0.0163,1942.977509,6008.76001,1050.939972,13.53,1000000000000,293.98
2003,12,1303.46,6032.4,1000000000,92.6,111281,-0.1,29.88,139.5,62749,184.3,0.057,0.0098,0.769,0.0161,1969.757477,6269.875,1084.022522,13.53,1000000000000,293.98
2004,1,1304.25,6036.4,1000000000,103.8,111447,0.5,31.18,141.4,61948,185.2,0.057,0.01,0.771,0.0155,2057.707489,6533.527466,1125.877503,13.61,1000000000000,298.57
2004,2,1319.65,6073.1,1000000000,94.4,114555,0.5,30.87,142.1,65094,186.2,0.056,0.0101,0.776,0.0156,2046.97995,6635.732544,1139.872467,13.61,1000000000000,298.57
2004,3,1326.66,6110.9,1000000000,95.8,119328,0.6,33.8,143.1,67094,187.4,0.058,0.01,0.772,0.016,1999.267517,6613.532593,1130.384979,13.61,1000000000000,298.57
2004,4,1326.2,6148.3,1000000000,94.2,119151,0.3,33.36,144.8,66334,188,0.056,0.01,0.775,0.0161,1978.777527,6545.314942,1122.827484,13.71,1000000000000,305.81
2004,5,1336.9,6230.1,1000000000,90.2,121236,0.6,37.92,146.8,67961,189.1,0.056,0.01,0.781,0.0167,1943.182495,6425.869995,1108.01001,13.71,1000000000000,305.81
2004,6,1343.875,6235.4,1000000000,95.6,124952,0.3,35.19,147.2,65542,189.7,0.056,0.0103,0.775,0.0164,2010.554993,6540.080078,1130.294983,13.71,1000000000000,305.81
2004,7,1338.8,6246.3,1000000000,96.7,123700,-0.2,38.37,147.4,67103,189.4,0.055,0.0126,0.781,0.017,1951.870026,6471.029907,1115.544983,13.83,1000000000000,317.5
2004,8,1353.1,6271.8,1000000000,95.9,124902,0.1,43.03,148,67511,189.5,0.054,0.0143,0.782,0.0174,1839.244995,6384.097534,1094.089997,13.83,1000000000000,317.5
2004,9,1361.025,6307.7,1000000000,94.2,125160,0.2,43.38,147.7,68738,189.9,0.054,0.0161,0.782,0.0171,1872.347473,6527.267456,1112.38501,13.83,1000000000000,317.5
2004,10,1364.25,6332.5,1000000000,91.7,129660,0.5,49.77,150,69421,190.9,0.055,0.0176,0.79,0.0172,1942.022492,6618.45752,1119.279999,13.95,1000000000000,324.26
2004,11,1371.24,6363.2,1000000000,92.8,132782,0.1,43.05,151.4,68541,191,0.054,0.0193,0.791,0.0166,2039.87497,6864.98999,1155.019959,13.95,1000000000000,324.26
2004,12,1373.975,6386.2,1000000000,97.1,131121,-0.4,39.65,150.2,70874,190.3,0.054,0.0216,0.796,0.0162,2140.860046,7123.882569,1194.202515,13.95,1000000000000,324.26
2005,1,1369.2,6388.2,1000000000,95.5,132814,0.2,44.28,150.9,71097,190.7,0.053,0.0228,0.799,0.0167,2111.860016,7148.03003,1193.685028,14.1,1000000000000,331.73
2005,2,1371.025,6399.1,1000000000,94.1,135562,0.6,45.56,151.6,71592,191.8,0.054,0.025,0.804,0.0166,2060.359986,7215.990112,1194.564972,14.1,1000000000000,331.73
2005,3,1371.3,6406.7,1000000000,92.6,131746,0.8,53.08,153.7,72092,193.3,0.052,0.0263,0.802,0.0169,2031.462494,7252.41748,1194.247467,14.1,1000000000000,331.73
2005,4,1357.1,6420.1,1000000000,87.7,137992,0.7,51.86,155,74756,194.6,0.052,0.0279,0.802,0.0176,1960.597473,7085.152466,1166.367493,14.17,1000000000000,342.32
2005,5,1365.5,6436.7,1000000000,86.9,136463,-0.1,48.67,154.3,74217,194.4,0.051,0.03,0.802,0.0176,1996.070007,7058.287476,1173.522522,14.17,1000000000000,342.32
2005,6,1379.075,6468.8,1000000000,96,138319,0.1,54.31,154.3,74113,194.5,0.05,0.0304,0.804,0.0174,2067.612488,7208.594849,1197.679993,14.17,1000000000000,342.32
2005,7,1369.65,6494.6,1000000000,96.5,138263,0.5,57.58,156.3,74190,195.4,0.05,0.0326,0.801,0.0173,2124.372498,7349.61499,1213.552521,14.29,1000000000000,352.63
2005,8,1375.28,6530.8,1000000000,89.1,139988,0.5,64.09,157.6,75375,196.4,0.049,0.035,0.801,0.0174,2168.934998,7481.140015,1225.359985,14.29,1000000000000,352.63
2005,9,1373.55,6564.1,1000000000,76.9,144826,1.2,62.98,162.2,73485,198.8,0.05,0.0362,0.785,0.0175,2145.402527,7567.14502,1224.404999,14.29,1000000000000,352.63
2005,10,1378.14,6599.6,1000000000,74.2,149536,0.2,58.52,166.2,75576,199.2,0.05,0.0378,0.794,0.0182,2116.394989,7482.532593,1209.339997,14.37,1000000000000,360.6
2005,11,1377.525,6620.9,1000000000,81.6,147534,-0.8,55.53,163.7,76980,197.6,0.05,0.04,0.8,0.0178,2180.217529,7564.397339,1232.049988,14.37,1000000000000,360.6
2005,12,1374.55,6645.7,1000000000,91.5,150145,-0.4,56.75,163,78865,196.8,0.049,0.0416,0.804,0.0176,2232.210022,7728.120117,1255.040009,14.37,1000000000000,360.6
2006,1,1380.34,6686.8,1000000000,91.2,153740,0.8,63.57,164.3,79966,198.3,0.047,0.0429,0.804,0.0175,2261.294983,7936.170044,1267.252502,14.55,1000000000000,366.37
2006,2,1379.45,6714.4,1000000000,86.7,149289,0.2,59.92,161.8,80867,198.7,0.048,0.0449,0.803,0.0177,2280.42749,8059.015015,1277.97998,14.55,1000000000000,366.37
2006,3,1379.7,6727.8,1000000000,88.9,151590,0.6,62.25,162.2,82613,199.8,0.047,0.0459,0.804,0.0176,2305.154968,8144.742676,1288.70752,14.55,1000000000000,366.37
2006,4,1385.9,6761.2,1000000000,87.4,152002,0.9,70.44,164.3,82559,201.5,0.047,0.0479,0.806,0.0177,2337.442505,8344.994995,1303.097504,14.59,1000000000000,370.11
2006,5,1385.46,6771.7,1000000000,79.1,155735,0.5,70.19,165.8,83813,202.5,0.046,0.0494,0.804,0.018,2249.26001,8321.779907,1288.184967,14.59,1000000000000,370.11
2006,6,1370.4,6805.1,1000000000,84.9,156060,0.2,68.86,166.1,85714,202.9,0.046,0.0499,0.806,0.0187,2162.725037,8095.682495,1262.555023,14.59,1000000000000,370.11
2006,7,1371.88,6846.6,1000000000,84.7,157031,0.3,73.9,166.8,83567,203.5,0.047,0.0524,0.804,0.0188,2118.149963,8124.927612,1262.920044,14.6,1000000000000,373.21
2006,8,1371,6877,1000000000,82,160703,0.2,73.61,167.9,85781,203.9,0.047,0.0525,0.805,0.0185,2126.412537,8293.009888,1287.597504,14.6,1000000000000,373.21
2006,9,1363.6,6901.1,1000000000,85.4,158627,-0.5,62.77,165.4,86578,202.9,0.045,0.0525,0.803,0.0183,2218.432495,8393.897461,1317.715027,14.6,1000000000000,373.21
2006,10,1368.82,6949.2,1000000000,93.6,154187,-0.5,58.38,162.2,87285,201.8,0.044,0.0525,0.801,0.0179,2306.80249,8626.752686,1357.577454,14.72,1000000000000,377
2006,11,1371.2,6992.4,1000000000,92.1,155149,-0.1,58.48,164.6,88242,201.5,0.045,0.0525,0.798,0.0177,2397.625,8856.100098,1386.815003,14.72,1000000000000,377
2006,12,1370.45,7032,1000000000,91.7,158960,0.1,62.31,165.6,88829,201.8,0.044,0.0524,0.805,0.0176,2427.484985,9045.489746,1409.167542,14.72,1000000000000,377
2007,1,1372.3,7073.1,1000000000,96.9,157674,0.3,54.3,164,91686,202.416,0.046,0.0525,0.799,0.0176,2449.309937,9155.420166,1425.462494,14.73,1000000000000,378.4
2007,2,1365.525,7091.3,1000000000,91.3,156560,0.5,57.76,166.8,89979,203.499,0.045,0.0526,0.806,0.0175,2454.25,9216.485108,1423.92749,14.73,1000000000000,378.4
2007,3,1363.75,7112.6,1000000000,88.4,164398,0.9,62.14,169.3,93656,205.352,0.044,0.0526,0.805,0.0181,2397.587464,9137.792725,1407.632507,14.73,1000000000000,378.4
2007,4,1378.2,7192.1,1000000000,87.1,162054,0.6,67.4,171.4,93320,206.686,0.045,0.0525,0.81,0.0176,2480.620056,9472.832764,1454.397492,14.84,1000000000000,378.16
2007,5,1379.35,7208.2,1000000000,88.3,163279,0.6,67.48,173.3,95221,207.949,0.044,0.0525,0.809,0.0172,2563.234985,9799.295166,1506.3125,14.84,1000000000000,378.16
2007,6,1364.825,7236.2,1000000000,85.3,164983,0.2,71.32,173.8,96202,208.352,0.046,0.0525,0.807,0.0173,2596.702515,9905.492432,1514.677521,14.84,1000000000000,378.16
2007,7,1368.4,7267.9,1000000000,90.4,166068,0,77.2,175.1,96751,208.299,0.047,0.0526,0.806,0.0174,2608.574951,9791.679932,1492.52002,14.94,1000000000000,373.99
2007,8,1368.7,7341,1000000000,83.4,165760,-0.2,70.8,172.4,98516,207.917,0.046,0.0502,0.807,0.0184,2537.325012,9440.287598,1450.915009,14.94,1000000000000,373.99
2007,9,1380.925,7362.1,1000000000,83.4,167276,0.3,77.13,173.5,99339,208.49,0.047,0.0494,0.809,0.018,2637.889954,9773.034912,1494.684998,14.94,1000000000000,373.99
2007,10,1375.34,7374.6,1000000000,80.9,169392,0.2,83.04,174.7,100795,208.936,0.047,0.0476,0.804,0.0177,2780.755005,10140.59497,1535.580017,14.99,1000000000000,372.91
2007,11,1371.975,7406.7,1000000000,76.1,173874,0.6,92.53,179,101847,210.177,0.047,0.0449,0.809,0.0188,2717.849976,9965.704834,1494.705017,14.99,1000000000000,372.91
2007,12,1377.92,7439.9,1000000000,75.5,172240,-0.1,91.45,178.6,103055,210.036,0.05,0.0424,0.809,0.0187,2649,9802.847412,1476.80249,14.99,1000000000000,372.91
2008,1,1380.275,7467.2,1000000000,78.4,177993,0.5,91.92,181,106537,211.08,0.05,0.0394,0.807,0.0203,2476.952515,9247.915039,1397.085022,14.89,1000000000000,370.31
2008,2,1380.25,7551,1000000000,70.8,182938,0.3,94.82,182.7,109016,211.693,0.049,0.0298,0.806,0.0207,2333.984985,9042.207275,1355.5,14.89,1000000000000,370.31
2008,3,1390.74,7615.7,1000000000,69.5,178511,0.9,103.28,187.9,107805,213.528,0.051,0.0261,0.804,0.0215,2263.140015,8785.137451,1317.452484,14.89,1000000000000,370.31
2008,4,1390.8,7666.1,1000000000,62.6,186249,0.6,110.44,190.9,112091,214.823,0.05,0.0228,0.799,0.0208,2359.19751,9071.252441,1360.229981,14.96,1000000000000,361.12
2008,5,1389.95,7672,1000000000,59.8,186556,0.8,123.94,196.6,112860,216.632,0.054,0.0198,0.796,0.0204,2476.777466,9408.270019,1399.914978,14.96,1000000000000,361.12
2008,6,1399.84,7690.4,1000000000,56.4,189761,1,133.05,200.5,117669,218.815,0.056,0.02,0.794,0.0214,2412.082519,9015.32251,1338.917511,14.96,1000000000000,361.12
2008,7,1415.575,7734.7,1000000000,61.2,197445,0.5,133.9,205.5,120056,219.964,0.058,0.0201,0.79,0.0229,2280.117493,8470.632568,1259.169983,14.89,1000000000000,349.87
2008,8,1406.475,7751.4,1000000000,63,189049,-0.4,113.85,199,117722,219.086,0.061,0.02,0.778,0.0225,2362.119995,8381.467529,1278.212494,14.89,1000000000000,349.87
2008,9,1450.36,7803.9,1000000000,70.3,179356,-0.1,99.06,196.9,109131,218.783,0.061,0.0181,0.745,0.0237,2222.707519,7879.559937,1215.912506,14.89,1000000000000,349.87
2008,10,1463.925,7924.4,1000000000,57.6,176485,-1,72.84,186.4,106518,216.573,0.065,0.0097,0.751,0.0296,1843.26001,6579.714966,1034.937515,14.58,1000000000000,346.73
2008,11,1516.3,7963,1000000000,55.3,152438,-1.9,53.24,176.8,99002,212.425,0.068,0.0039,0.741,0.0323,1583.944977,5654.864991,903.3600008,14.58,1000000000000,346.73
2008,12,1592.46,8141.1,1000000000,60.1,140829,-1,41.58,170.9,89092,210.228,0.073,0.0016,0.719,0.0323,1518.527496,5566.074951,881.5999908,14.58,1000000000000,346.73
2009,1,1594.8,8239.5,1000000000,61.2,130573,0.4,44.86,171.2,83572,211.143,0.078,0.0015,0.701,0.0324,1538.75,5497.255005,869.2549898,14.38,1000000000000,349.31
2009,2,1569.875,8265.3,1000000000,56.3,123019,0.5,43.24,169.3,86044,212.193,0.083,0.0022,0.696,0.0343,1452.402497,4983.459961,791.927521,14.38,1000000000000,349.31
2009,3,1576.22,8326,1000000000,57.3,123049,0.2,46.84,168.1,84476,212.709,0.087,0.0018,0.685,0.036,1434.309998,4752.577393,756.80249,14.38,1000000000000,349.31
2009,4,1612.45,8332.2,1000000000,65.1,121785,0.2,50.85,169.1,82490,213.24,0.09,0.0015,0.679,0.0315,1618.580017,5255.819946,834.605011,14.36,1000000000000,340.05
2009,5,1615.275,8390.1,1000000000,68.7,119795,0.3,57.94,170.8,84433,213.856,0.094,0.0018,0.672,0.029,1733.034973,5754.564941,897.037491,14.36,1000000000000,340.05
2009,6,1643.86,8400.5,1000000000,70.8,123321,0.9,68.59,174.1,86927,215.693,0.095,0.0021,0.669,0.0276,1816.20752,5961.624878,921.9174955,14.36,1000000000000,340.05
2009,7,1653.125,8404.5,1000000000,66,131096,-0.2,64.92,172.5,88657,215.351,0.095,0.0016,0.676,0.0267,1890.370026,6084.327393,943.5749968,14.4,1000000000000,331.06
2009,8,1659.96,8404.7,1000000000,65.7,130269,0.2,72.5,175,88781,215.834,0.096,0.0016,0.684,0.0242,1999.132508,6545.337524,1007.204987,14.4,1000000000000,331.06
2009,9,1662.025,8401.8,1000000000,73.5,137597,0.1,67.69,174.1,92668,215.969,0.098,0.0015,0.69,0.0229,2062.36499,6773.712524,1037.179993,14.4,1000000000000,331.06
2009,10,1672.375,8427,1000000000,70.6,140834,0.1,73.19,175.2,95857,216.177,0.1,0.0012,0.694,0.0219,2096.932465,6881.422607,1053.102493,14.54,1000000000000,328.67
2009,11,1688.7,8467.4,1000000000,67.4,144986,0.1,77.04,177.4,96197,216.33,0.099,0.0012,0.697,0.021,2105.402558,6947.797486,1068.720001,14.54,1000000000000,328.67
2009,12,1696.575,8473.1,1000000000,72.5,149166,-0.2,74.67,178.1,99631,215.949,0.099,0.0012,0.7,0.0202,2220.784973,7142.005005,1107.565003,14.54,1000000000000,328.67
2010,1,1685.375,8424,1000000000,74.4,148319,0.3,76.37,181.9,99281,216.687,0.098,0.0011,0.71,0.0198,2227.095032,7102.319946,1103.117493,14.6,1000000000000,324.73
2010,2,1697.4,8470,1000000000,73.6,152565,0,74.31,181,100501,216.741,0.098,0.0013,0.714,0.0203,2186.479981,6915.464966,1083.825012,14.6,1000000000000,324.73
2010,3,1710.98,8468.1,1000000000,73.6,156040,0.4,79.27,183.3,104197,217.631,0.099,0.0016,0.72,0.019,2331.234985,7253.944825,1140.209991,14.6,1000000000000,324.73
2010,4,1692.175,8494.2,1000000000,72.2,155845,0.2,84.93,184.4,103259,218.009,0.099,0.002,0.724,0.0183,2447.979981,7525.867554,1187.102478,14.75,1000000000000,321.85
2010,5,1708.66,8549.9,1000000000,73.6,160141,0.1,76.25,184.8,106469,218.178,0.096,0.002,0.736,0.0195,2343.222534,7069.45752,1130.975006,14.75,1000000000000,321.85
2010,6,1722.9,8572,1000000000,76,164456,-0.1,74.84,183.5,105394,217.965,0.094,0.0018,0.739,0.0203,2200.100037,6701.049927,1069.392487,14.75,1000000000000,321.85
2010,7,1717.425,8572.7,1000000000,67.8,161613,0,74.74,184.1,108061,218.011,0.094,0.0018,0.744,0.0205,2183.547486,6729.255005,1066.139969,14.85,1000000000000,324.96
2010,8,1743.36,8626.6,1000000000,68.9,166459,0.1,76.69,184.9,108346,218.312,0.095,0.0019,0.748,0.0205,2201.517517,6873.685059,1081.449982,14.85,1000000000000,324.96
2010,9,1762.75,8656.8,1000000000,68.2,165935,0.1,77.79,184.9,108339,218.439,0.095,0.0019,0.751,0.0199,2263.345032,7016.609985,1099.449982,14.85,1000000000000,324.96
2010,10,1781.1,8706.6,1000000000,67.7,167399,0.1,82.92,186.6,113288,218.711,0.094,0.0019,0.75,0.0192,2436.047485,7412.469971,1163.690003,14.94,1000000000000,322.63
2010,11,1824.22,8735.3,1000000000,71.6,167024,0,85.67,187.7,114572,218.803,0.098,0.0019,0.751,0.0189,2517.852478,7536.785034,1191.584992,14.94,1000000000000,322.63
2010,12,1839.5,8771.9,1000000000,74.5,173155,0.2,91.8,189.7,117086,219.179,0.093,0.0018,0.758,0.0183,2599.627502,7702.127564,1223.359986,14.94,1000000000000,322.63
2011,1,1858.52,8803.2,1000000000,74.2,181172,0.5,96.29,192.7,118678,220.223,0.091,0.0017,0.758,0.0179,2701.634949,8058.762451,1276.007507,14.88,1000000000000,313.74
2011,2,1874.075,8849.1,1000000000,77.5,176720,0.5,103.96,195.8,117320,221.309,0.09,0.0016,0.755,0.0176,2761.482544,8309.304932,1312.392487,14.88,1000000000000,313.74
2011,3,1890,8889.8,1000000000,67.5,183794,1,114.44,199.2,124152,223.467,0.09,0.0014,0.761,0.018,2744.492554,8296.794922,1308.950012,14.88,1000000000000,313.74
2011,4,1894.1,8943.8,1000000000,69.8,183646,0.6,123.15,203.1,125733,224.906,0.091,0.001,0.757,0.0178,2813.38501,8490.070068,1338.087494,14.99,1000000000000,308.44
2011,5,1931.06,9003.5,1000000000,74.3,188108,0.5,114.46,204.1,124906,225.964,0.09,0.0009,0.759,0.018,2836.045044,8518.902588,1348.197479,14.99,1000000000000,308.44
2011,6,1941.675,9075.1,1000000000,71.5,188224,-0.1,113.76,203.9,122622,225.722,0.091,0.0009,0.76,0.0189,2759.205017,8293.685058,1317.277466,14.99,1000000000000,308.44
2011,7,1982.5,9238.1,1000000000,63.7,188519,0.1,116.46,204.6,126639,225.922,0.09,0.0007,0.762,0.0186,2783.847473,8226.602417,1313.065002,15.02,1000000000000,310.84
2011,8,2102.1,9479.2,1000000000,55.8,188399,0.3,110.08,203.2,126427,226.545,0.09,0.001,0.766,0.021,2624.699951,7678.949951,1230.100006,15.02,1000000000000,310.84
2011,9,2120.075,9511.2,1000000000,59.5,188572,0.2,110.88,203.7,129117,226.889,0.09,0.0008,0.764,0.0215,2514.105042,7136.517456,1173.512512,15.02,1000000000000,310.84
2011,10,2144.14,9546.9,1000000000,60.8,189614,-0.2,109.47,201.1,128708,226.421,0.088,0.0007,0.768,0.0212,2534.464966,7158.602539,1187.985016,15.19,1000000000000,312.28
2011,11,2175.625,9590.8,1000000000,63.7,189764,-0.1,110.5,201.4,126874,226.23,0.086,0.0008,0.765,0.0212,2599.880005,7407.217529,1233.542511,15.19,1000000000000,312.28
2011,12,2163.5,9616.9,1000000000,69.9,193353,-0.2,107.97,199.8,128064,225.672,0.085,0.0007,0.768,0.0213,2603.339966,7421.869873,1244.0625,15.19,1000000000000,312.28
2012,1,2205.6,9704.6,1000000000,75,194081,0.4,110.99,200.7,127392,226.665,0.083,0.0008,0.772,0.0206,2733.190003,7676.179932,1290.899994,15.29,1000000000000,309.06
2012,2,2209.25,9740,1000000000,75.3,188995,0.4,119.7,201.6,128856,227.663,0.083,0.001,0.772,0.02,2905.57251,8000.11499,1342.154999,15.29,1000000000000,309.06
2012,3,2222.425,9783.9,1000000000,76.2,198986,0.8,124.93,204.2,131838,229.392,0.082,0.0013,0.765,0.0197,3026.282532,8142.334839,1383.387512,15.29,1000000000000,309.06
2012,4,2244.64,9841.1,1000000000,76.4,194615,0.3,120.59,203.7,130639,230.085,0.082,0.0014,0.77,0.02,3051.647522,8116.74524,1396.535004,15.36,1000000000000,307.94
2012,5,2250.525,9873,1000000000,79.3,193313,-0.1,110.52,201.9,130496,229.815,0.082,0.0016,0.769,0.0209,2932.994995,7794.530152,1353.872467,15.36,1000000000000,307.94
2012,6,2258.275,9933.7,1000000000,73.2,191132,-0.1,95.59,199.8,130743,229.478,0.082,0.0016,0.767,0.0214,2853.534973,7548.742432,1325.557495,15.36,1000000000000,307.94
2012,7,2305.42,10012.8,1000000000,72.3,189868,-0.2,103.14,200.1,130301,229.104,0.082,0.0016,0.768,0.0211,2925.897461,7788.037598,1364.699982,15.38,1000000000000,311.9
2012,8,2328.8,10085.3,1000000000,74.3,189461,0.6,113.34,202.7,128481,230.379,0.081,0.0013,0.763,0.0208,3003.767517,7944.380005,1391.807495,15.38,1000000000000,311.9
2012,9,2394.275,10159,1000000000,78.3,190996,0.4,113.38,204.4,133585,231.407,0.078,0.0014,0.762,0.0205,3104.162476,8185.084961,1429.570038,15.38,1000000000000,311.9
2012,10,2412.2,10229.5,1000000000,82.6,188161,0,111.97,203.5,127528,231.317,0.078,0.0016,0.763,0.021,3060.039978,8280.242676,1431.825012,15.38,1000000000000,314.49
2012,11,2420.05,10291.2,1000000000,82.7,194364,-0.5,109.71,201.8,129642,230.221,0.077,0.0016,0.765,0.022,2960.607544,8168.409912,1401.5,15.38,1000000000000,314.49
2012,12,2462.92,10410.8,1000000000,72.9,189778,-0.3,109.64,201.5,133078,229.601,0.079,0.0016,0.766,0.022,3015.39502,8357.102295,1422.159973,15.38,1000000000000,314.49
2013,1,2470.35,10446.9,1000000000,73.8,191745,0.3,112.93,202.5,131228,230.28,0.08,0.0014,0.765,0.0213,3118.53003,8745.402588,1465.107452,15.46,1000000000000,316.14
2013,2,2466.45,10426.4,1000000000,77.6,193731,0.8,116.46,204.3,132084,232.166,0.077,0.0015,0.767,0.021,3160.522522,8876.330078,1507.184998,15.46,1000000000000,316.14
2013,3,2463.8,10492.3,1000000000,78.6,186326,0.3,109.24,204,130093,232.773,0.075,0.0014,0.768,0.0207,3202.690003,8960.899902,1538.907501,15.46,1000000000000,316.14
2013,4,2508.58,10548.9,1000000000,76.4,189507,-0.1,102.88,203.5,131468,232.531,0.076,0.0015,0.767,0.0207,3270.292481,9135.567383,1575.087494,15.5,1000000000000,321.24
2013,5,2513.6,10577.5,1000000000,84.5,192810,0.2,103.03,204.1,130553,232.945,0.075,0.0011,0.766,0.0201,3402.450012,9353.98999,1624.187531,15.5,1000000000000,321.24
2013,6,2528.55,10624.9,1000000000,84.1,188546,0.2,103.11,204.3,132677,233.504,0.075,0.0009,0.766,0.0206,3411.817505,9164.222412,1613.127472,15.5,1000000000000,321.24
2013,7,2538.36,10691,1000000000,85.1,190556,0,107.72,204.4,132356,233.596,0.073,0.0009,0.762,0.0202,3530.357544,9367.44751,1649.714996,15.61,1000000000000,326.49
2013,8,2541.85,10751.2,1000000000,82.1,191204,0.1,110.96,204.2,132400,233.877,0.073,0.0008,0.767,0.0204,3627.952515,9456.234863,1664.882508,15.61,1000000000000,326.49
2013,9,2587.18,10808,1000000000,77.5,193711,0.1,111.62,203.9,132301,234.149,0.073,0.0008,0.77,0.0204,3696.625,9545.409912,1670.192505,15.61,1000000000000,326.49
2013,10,2627.975,10920,1000000000,73.2,194078,-0.3,109.48,202.5,135762,233.546,0.072,0.0009,0.769,0.0201,3827.657471,9800.777344,1715.160004,15.76,1000000000000,329.63
2013,11,2616.875,10922.4,1000000000,75.1,191307,-0.2,108.08,201.2,136784,233.069,0.069,0.0008,0.77,0.0195,3979.277466,10083.15259,1781.065003,15.76,1000000000000,329.63
2013,12,2659.94,10980.9,1000000000,82.5,191111,0,110.63,202,134336,233.049,0.067,0.0009,0.771,0.0194,4099.892456,10226.61987,1818.084991,15.76,1000000000000,329.63
2014,1,2678.775,11029.1,1000000000,81.2,193706,0.4,107.57,203.8,133738,233.916,0.066,0.0007,0.768,0.0194,4138.804871,10390.76025,1812.434967,15.72,1000000000000,332.65
2014,2,2712.125,11092.6,1000000000,81.6,193060,0.4,108.81,205.7,131768,234.781,0.067,0.0007,0.773,0.0197,4180.98999,10149.4126,1811.992523,15.72,1000000000000,332.65
2014,3,2746.98,11147.8,1000000000,80,198973,0.6,107.41,207,135923,236.293,0.067,0.0008,0.778,0.0194,4240.982544,10424.84985,1862.107483,15.72,1000000000000,332.65
2014,4,2770.475,11209.2,1000000000,84.1,199877,0.3,107.88,208.3,135556,237.072,0.062,0.0009,0.778,0.0196,4141.637512,10526.6001,1867.387482,15.9,1000000000000,339.61
2014,5,2785.375,11272,1000000000,81.9,199405,0.3,109.68,208,137314,237.9,0.062,0.0009,0.78,0.0196,4159.250061,10665.65991,1897.945007,15.9,1000000000000,339.61
2014,6,2819.82,11334,1000000000,82.5,197982,0.2,111.87,208.3,136282,238.343,0.061,0.001,0.782,0.0192,4320.30249,10873.9624,1942.0625,15.9,1000000000000,339.61
2014,7,2837.4,11398.2,1000000000,81.8,198584,0,106.98,208,138406,238.25,0.062,0.0009,0.783,0.0191,4407.862549,10890.25732,1953.755036,16.07,1000000000000,344.85
2014,8,2807.8,11433.4,1000000000,82.5,198979,-0.2,101.92,207,138155,237.852,0.062,0.0009,0.782,0.0194,4461.455079,10839.4751,1960.747528,16.07,1000000000000,344.85
2014,9,2860.96,11473.3,1000000000,84.6,198446,0.1,97.34,206.4,136371,238.031,0.06,0.0009,0.785,0.0193,4540.204956,10886.72241,1989.915009,16.07,1000000000000,344.85
2014,10,2868,11528.5,1000000000,86.9,200024,-0.3,87.27,203.4,138107,237.433,0.057,0.0009,0.785,0.02,4468.875,10566.45508,1957.084991,16.15,1000000000000,347.95
2014,11,2889.425,11553.3,1000000000,88.8,195805,-0.5,78.44,200.9,136474,236.151,0.058,0.0009,0.79,0.0191,4707.779907,10890.65991,2040.63501,16.15,1000000000000,347.95
2014,12,2919.52,11629.8,1000000000,93.6,199260,-0.6,62.16,197,134544,234.812,0.056,0.0012,0.79,0.0192,4719.01001,10785.23022,2047.69751,16.15,1000000000000,347.95
2015,1,2929.575,11685.8,1000000000,98.1,192244,-0.5,48.42,192,129266,233.707,0.057,0.0011,0.787,0.0197,4683.900024,10682.26733,2028.592499,16.18,1000000000000,351.19
2015,2,2980.95,11790.3,1000000000,95.4,184372,0.4,57.93,191.1,126303,234.722,0.055,0.0011,0.784,0.0194,4795.959961,10817.25488,2050.415039,16.18,1000000000000,351.19
2015,3,2992.2,11833.8,1000000000,93,198349,0.6,55.79,191.5,127157,236.119,0.055,0.0011,0.782,0.0196,4935.595093,10931.86523,2082.582459,16.18,1000000000000,351.19
2015,4,2995.425,11887,1000000000,95.9,191347,0.2,59.39,190.9,129320,236.599,0.054,0.0012,0.78,0.0196,4950,11009.71997,2081.859925,16.33,1000000000000,358.18
2015,5,2993.2,11915.4,1000000000,90.7,189913,0.5,64.56,193.4,127808,237.805,0.055,0.0012,0.776,0.0196,5009.014893,11086.82495,2099.35492,16.33,1000000000000,358.18
2015,6,3008.12,11965.5,1000000000,96.1,192642,0.4,62.35,194.8,127499,238.638,0.053,0.0013,0.775,0.0199,5050.599975,10956.57764,2089.485046,16.33,1000000000000,358.18
2015,7,3028.075,12030.8,1000000000,93.1,189960,0,55.87,193.9,128653,238.654,0.053,0.0013,0.78,0.0201,5072.694824,10845.41772,2086.920044,16.41,1000000000000,364.37
2015,8,3046.14,12091.4,1000000000,91.9,192112,-0.1,46.99,191.9,124348,238.316,0.051,0.0014,0.779,0.0207,4844.562378,10371.44482,2014.084992,16.41,1000000000000,364.37
2015,9,3058.025,12157.7,1000000000,87.2,187851,-0.2,47.23,189.1,126856,237.945,0.051,0.0014,0.779,0.0219,4685.425049,9975.922608,1945.722504,16.41,1000000000000,364.37
2015,10,3033.8,12165,1000000000,90,187182,0,48.12,187.7,123584,237.838,0.05,0.0012,0.777,0.0211,4831.559937,10132.19482,1996.757538,16.44,1000000000000,367.13
2015,11,3084.12,12255.1,1000000000,91.3,183181,-0.2,44.42,185.9,121940,237.336,0.05,0.0012,0.77,0.0207,5061.610108,10416.83496,2074.259979,16.44,1000000000000,367.13
2015,12,3073.775,12298.6,1000000000,92.6,183669,-0.3,37.72,183.8,121155,236.525,0.05,0.0024,0.764,0.0211,5046.352539,10248.67236,2056.099976,16.44,1000000000000,367.13